[
  {
    "id": 1,
    "action": {
      "type": "block"
    },
    "condition": {
      "urlFilter": "*subtitles-octopus-worker.js*",
      "resourceTypes": ["script"]
    }
  },
  {
    "id": 2,
    "action": {
      "type": "block"
    },
    "condition": {
      "urlFilter": "*subtitles-octopus-worker.data*",
      "resourceTypes": ["xmlhttprequest"]
    }
  },
  {
    "id": 3,
    "action": {
      "type": "block"
    },
    "condition": {
      "urlFilter": "*subtitles-octopus-worker.wasm*",
      "resourceTypes": ["script"]
    }
  },
  {
    "id": 4,
    "action": {
      "type": "block"
    },
    "condition": {
      "urlFilter": "*subtitles-octopus-worker.txt*",
      "resourceTypes": ["xmlhttprequest"]
    }
  },
  {
    "id": 5,
    "action": {
      "type": "block"
    },
    "condition": {
      "urlFilter": "*arial.woff2*",
      "resourceTypes": ["font"]
    }
  },
  {
    "id": 6,
    "action": {
      "type": "block"
    },
    "condition": {
      "urlFilter": "*default.woff2*",
      "resourceTypes": ["font"]
    }
  }
]
